Title, episode 
Dragon Ball Super,102,
Game of Thrones 7,4,
Girls Trip,,
The Emoji Movie,,
Atomic Blonde,,
Wish Upon,,
Dance Academy: The Movie,,
Valerian and the City of a Thousand Planets,,
Descendants 2,,
Dunkirk,,
The Promise,,
War for the Planet of the Apes,,
Cars 3,,
Baby Driver,,
Spider-Man: Homecoming,,
Despicable Me 3,,
47 Meters Down,,
Preacher 2,8,
Everything| Everything,,
Captain Underpants: The First Epic Movie,,
Transformers: The Last Knight,,
All Eyez on Me,,
Smurfs: The Lost Village,,
Resident Evil: Vendetta,,
Game of Thrones 7,4,
Guardians of the Galaxy Vol. 2,,
Game Of Thrones 1,10,
Game Of Thrones 2,10,
Power 4,7,
Game Of Thrones 3,10,
Rick and Morty 3,3,
Girls Trip,,
Game Of Thrones 5,10,
Game of Thrones 6,10,
Game of Thrones 4,10,
Everything| Everything,,
Teen Wolf 6,12,
Spider-Man: Homecoming,,
The Emoji Movie,,
Descendants 2,,
Suits 7,5,
War for the Planet of the Apes,,
13 Reasons Why,13,
Life of Kylie,2,
Baby Driver,,
Dragon Ball Super,102,
Cars 3,,
Despicable Me 3,,
Game of Thrones 7,4,
Game Of Thrones 1,10,
Game Of Thrones 3,10,
Game Of Thrones 2,10,
Game Of Thrones 5,10,
Power 4,7,
Game of Thrones 6,10,
Game of Thrones 4,10,
Everything| Everything,,
Rick and Morty 3,3,
Spider-Man: Homecoming,,
Guardians of the Galaxy Vol. 2,,
Descendants 2,,
War for the Planet of the Apes,,
Teen Wolf 6,12,
Suits 7,5,
Cars 3,,
13 Reasons Why,13,
Despicable Me 3,,
Baby Driver,,
Wonder Woman,,
Transformers: The Last Knight,,
Girls Trip,,
The Mummy,,
The Flash 3,23,
13 Reasons Why,13,
Game of Thrones 7,4,
Beauty and the Beast,,
Guardians of the Galaxy Vol. 2,,
Logan,,
Wonder Woman,,
Doctor Strange,,
The Walking Dead 7 (Special),16,
The Fate of the Furious,,
Moana,,
John Wick: Chapter 2,,
Pirates of the Caribbean: Dead Men Tell No Tales,,
Fifty Shades Darker (UNCENSORED),,
Arrow 5,23,
Suicide Squad (Extended Version),,
Westworld,10,
Fantastic Beasts and Where to Find Them,,
Prison Break: Resurrection,9,
Riverdale,13,
Legion,8,
Supergirl 2,22,
The Boss Baby,,
Kong: Skull Island,,
Orbiter 9,,
Ghost Note,,
Spoor,,
Some Freaks,,
Max Payne: Retribution,,
I| Olga,,
Chokeslam,,
Undercover Grandpa,,
The Business of Amateurs,,
Diana: In Her Own Words,,
Bluebeard,,
BearCity 3,,
Mommy's Secret,,
Bad Twin,,
Wolf Warriors II,,
The Student,,
Max Payne: Retribution,,
Undercover Grandpa,,
Wolf Warriors II,,
Cut Shoot Kill,,
Americano,,
Guardians of the Galaxy Vol. 2,,
Filth City,,
War for the Planet of the Apes,,
Operation Dunkirk,,
Atomic Blonde,,
Spider-Man: Homecoming,,
Valerian and the City of a Thousand Planets,,
Lego DC Super Hero Girls: Brain Drain,,
Snatched,,
Blood Hunt,,
Dunkirk,,
Some Freaks,,
Chokeslam,,
Undercover Grandpa,,
BearCity 3,,
Last Day of School,,
Americano,,
''Puppy!'',,
Filth City,,
With Open Arms,,
Girls Trip,,
Fun Mom Dinner,,
Brave New Jersey,,
68 Kill,,
The Emoji Movie,,
The Other Side of Hope,,
Sleeping Beauties,,
Cut Shoot Kill,,
Among Us,,
Wtf!,,
Psychos,,
Armed Response,,
Bed of the Dead,,
The Bar,,
Awaken the Shadowman,,
Killing Ground,,
Blood Hunt,,
The Gracefield Incident,,
Camera Obscura,,
Kuso,,
Phoenix Forgotten,,
Tonight She Comes,,
Bodies,,
Orbiter 9,,
Some Freaks,,
BearCity 3,,
Dirty Dancing,,
Amelia 2.0,,
68 Kill,,
Everything| Everything,,
1 Mile to You,,
The Art of Us,,
The Perfect Bride,,
My Favorite Wedding,,
The Girl from the Song,,
Moonlight in Vermont,,
Like Cats & Dogs,,
Blind,,
Two Lovers and a Bear,,
Zoo 3,7,
Wahlburgers 8,2,
Top of the Lake 2,6,
The Night Shift 4,7,
The Lowe Files,2,
The Bold Type,6,
Odd Mom Out 3,5,
I'm Sorry,5,
Manhunt: Unabomber,3,
Signed,3,
Masterchef 8,10,
Dice 2,1,
Blood Drive,9,
Snowfall,6,
Deadliest Catch 13,19,
The Amazing Race Canada 5,6,
Kvarteret Skatan,18,
Svensson Svensson 4,13,
Space Odyssey: Voyage to the Planets,,
Svensson Svensson 2,12,
Satantango,,
Vanishing on 7th Street,,
Mike Tyson Mysteries 1,10,
The Suspended Step of the Stork,,
Eternity and a Day,,
Katy Perry: The Prismatic World Tour,,
Svensson Svensson 3,13,
Solsidan 5,10,
Solsidan 4,10,
Solsidan 3,10,
Solsidan 2,10,
Solsidan 1,10,
